year,quarter,complaint_type_cal,count,avg,avg,avg
2010,1,Derelict Vehicles,2754,,,1.9339143064633261
2010,1,Dirty Conditions,7893,,,4.1911820600532117
2010,1,Graffiti,5093,4460.8765432098765432,2420.6428571428571429,97.5303272146847566
2010,1,Litter Basket Complaint,506,,,1.5750988142292490
2010,1,Missed Collection,5157,,,1.3257707969749855
2010,1,Other,66,,,0.98484848484848484848
2010,1,Other Enforcement,998,,,3.1472945891783567
2010,1,Overflowing Litter Baskets,325,,,1.0061538461538462
2010,1,Recycling Enforcement,319,,,5.8338557993730408
2010,1,Sanitation Condition,5877,,,1.2651012421303386
2010,1,snow,9376,,,1.9721629692832765
2010,1,Sweeping Complaint,260,,,1.1538461538461538
2010,1,Vacant Lot,380,4453.8750000000000000,,22.5989010989010989
2010,2,Derelict Vehicles,2864,,,1.5412011173184358
2010,2,Dirty Conditions,9903,,,3.4836918105624558
2010,2,Graffiti,6930,4369.4576271186440678,1164.0000000000000000,75.5841848067525544
2010,2,Litter Basket Complaint,858,,,1.6876456876456876
2010,2,Missed Collection,3749,,,1.3366230994931982
2010,2,Other,37,,,1.6486486486486486
2010,2,Other Enforcement,1459,,,2.8259081562714188
2010,2,Overflowing Litter Baskets,469,,,1.0554371002132196
2010,2,Recycling Enforcement,377,,,5.0822281167108753
2010,2,Sanitation Condition,8002,,,1.2694326418395401
2010,2,snow,1,,,3.0000000000000000
2010,2,Sweeping Complaint,249,,,1.2289156626506024
2010,2,Vacant Lot,738,4372.3200000000000000,,22.5119214586255259
2010,3,Derelict Vehicles,2947,,,1.6464200882253139
2010,3,Dirty Conditions,10702,,,3.5619510371893104
2010,3,Graffiti,4690,4292.9960629921259843,2666.6000000000000000,55.4585211902614968
2010,3,Litter Basket Complaint,735,,,1.5428571428571429
2010,3,Missed Collection,3611,,,1.3436721129880919
2010,3,Other,41,,,1.4878048780487805
2010,3,Other Enforcement,1420,,,2.8697183098591549
2010,3,Overflowing Litter Baskets,443,,,1.0722347629796840
2010,3,Recycling Enforcement,340,,,5.7235294117647059
2010,3,Sanitation Condition,8634,,,1.3119064164929349
2010,3,snow,2,,,2.5000000000000000
2010,3,Sweeping Complaint,300,,,1.1633333333333333
2010,3,Vacant Lot,653,4282.2857142857142857,,17.3639240506329114
2010,4,Derelict Bicycle,88,,,1.7500000000000000
2010,4,Derelict Vehicles,2284,,,2.0310858143607706
2010,4,Dirty Conditions,6959,,,4.2544905877281219
2010,4,Graffiti,3413,4196.4920634920634921,3176.3000000000000000,84.9096440523273502
2010,4,Litter Basket Complaint,452,,,1.8296460176991150
2010,4,Missed Collection,3792,,,1.6658755274261603
2010,4,Other,38,,,2.7631578947368421
2010,4,Other Enforcement,983,,,3.5422177009155646
2010,4,Overflowing Litter Baskets,266,,,1.1466165413533835
2010,4,Recycling Enforcement,253,,,4.8932806324110672
2010,4,Sanitation Condition,5577,,,1.5504751658597812
2010,4,snow,2645,,,7.0310018903591682
2010,4,Sweeping Complaint,391,,,1.2583120204603581
2010,4,Vacant Lot,276,4204.4000000000000000,,28.6513409961685824
2011,1,Derelict Bicycle,63,,,2.8095238095238095
2011,1,Derelict Vehicles,2833,,,3.1341334274620544
2011,1,Dirty Conditions,8403,,,7.5430203498750446
2011,1,Graffiti,3040,4095.7732793522267206,2575.2857142857142857,88.1371285356247762
2011,1,Litter Basket Complaint,468,,,2.0918803418803419
2011,1,Missed Collection,4463,,,2.1487788483083128
2011,1,Other,55,,,2.2909090909090909
2011,1,Other Enforcement,977,,,5.0696008188331627
2011,1,Overflowing Litter Baskets,205,,,1.8536585365853659
2011,1,Recycling Enforcement,279,,,11.7634408602150538
2011,1,Sanitation Condition,4473,,,2.1513525598032640
2011,1,snow,12074,,,6.0584727513665728
2011,1,Sweeping Complaint,244,,,1.6188524590163934
2011,1,Vacant Lot,274,4076.6666666666666667,,16.1221374045801527
2011,2,Derelict Bicycle,159,,,2.2138364779874214
2011,2,Derelict Vehicles,2825,3989.0000000000000000,,1.7616855524079320
2011,2,Dirty Conditions,10013,,,4.7668031558973335
2011,2,Graffiti,4697,4013.6561604584527221,3593.3529411764705882,48.2412603495860166
2011,2,Litter Basket Complaint,926,,,1.9103671706263499
2011,2,Missed Collection,4873,,,1.8612764210958342
2011,2,Other,18,,,1.8333333333333333
2011,2,Other Enforcement,1188,,,3.4452861952861953
2011,2,Overflowing Litter Baskets,411,,,1.4574209245742092
2011,2,Recycling Enforcement,211,,,12.5734597156398104
2011,2,Sanitation Condition,6716,,,1.6995235259082787
2011,2,snow,2,,,4.0000000000000000
2011,2,Sweeping Complaint,270,,,1.9962962962962963
2011,2,Vacant Lot,655,3992.4000000000000000,,19.4589147286821705
2011,3,Derelict Bicycle,97,,,2.2371134020618557
2011,3,Derelict Vehicles,2675,3915.0000000000000000,,1.9176954732510288
2011,3,Dirty Conditions,10279,3872.0000000000000000,,17.4994162288382954
2011,3,Graffiti,4351,3909.6788154897494305,3795.9090909090909091,46.3803680981595092
2011,3,Litter Basket Complaint,1052,3914.0000000000000000,,2.0980019029495718
2011,3,Missed Collection,4554,,,1.8978919631093544
2011,3,Other,27,,,2.8518518518518519
2011,3,Other Enforcement,1244,3910.0000000000000000,,3.9259855189058729
2011,3,Overflowing Litter Baskets,488,,,1.3831967213114754
2011,3,Recycling Enforcement,260,,,26.6346153846153846
2011,3,Sanitation Condition,7757,,,1.9624854969704783
2011,3,snow,2,,,8.5000000000000000
2011,3,Sweeping Complaint,379,,,1.8258575197889182
2011,3,Vacant Lot,686,3914.7500000000000000,,21.9233038348082596
2011,4,Derelict Bicycle,90,,,2.3888888888888889
2011,4,Derelict Vehicles,2240,,,1.3754464285714286
2011,4,Dirty Conditions,8231,,,10.0796987000364476
2011,4,Graffiti,3666,3823.8005249343832021,3623.8953488372093023,48.9719939117199391
2011,4,Litter Basket Complaint,678,,,2.3362831858407080
2011,4,Missed Collection,5032,,,1.7513910969793323
2011,4,Other,50,,,1.3200000000000000
2011,4,Other Enforcement,959,,,5.6715328467153285
2011,4,Overflowing Litter Baskets,252,,,1.2738095238095238
2011,4,Recycling Enforcement,223,,,16.5336322869955157
2011,4,Sanitation Condition,5617,3792.0000000000000000,,1.5735398860398860
2011,4,snow,45,,,1.1111111111111111
2011,4,Sweeping Complaint,862,,,1.6194895591647332
2011,4,Vacant Lot,342,3803.0000000000000000,,27.5219941348973607
2012,1,Derelict Bicycle,123,,,1.6178861788617886
2012,1,Derelict Vehicles,2196,,,1.1566484517304189
2012,1,Dirty Conditions,7618,,,4.4323969545812549
2012,1,Graffiti,2758,3720.6768292682926829,3654.5079365079365079,36.2543209876543210
2012,1,Litter Basket Complaint,525,3725.0000000000000000,,1.5992366412213740
2012,1,Missed Collection,4353,,,1.2490236618424075
2012,1,Other,75,,,1.1866666666666667
2012,1,Other Enforcement,1014,,,3.0177514792899408
2012,1,Overflowing Litter Baskets,132,,,0.96212121212121212121
2012,1,Recycling Enforcement,269,,,5.0037174721189591
2012,1,Sanitation Condition,5022,,,1.0655117483074472
2012,1,snow,492,,,2.9329268292682927
2012,1,Sweeping Complaint,183,,,1.5737704918032787
2012,1,Vacant Lot,349,3727.5000000000000000,,33.7175792507204611
2012,2,Derelict Bicycle,363,,,1.9146005509641873
2012,2,Derelict Vehicles,2377,,,1.2515776188472865
2012,2,Dirty Conditions,8422,,,4.3131085252909048
2012,2,Graffiti,5037,3638.4000000000000000,3507.9734513274336283,44.2675173494515335
2012,2,Litter Basket Complaint,612,,,1.6225490196078431
2012,2,Missed Collection,3886,,,1.4557385486361297
2012,2,Other,72,,,1.8055555555555556
2012,2,Other Enforcement,1280,,,2.7390625000000000
2012,2,Overflowing Litter Baskets,363,,,1.1212121212121212
2012,2,Recycling Enforcement,209,,,4.8421052631578947
2012,2,Sanitation Condition,6524,,,1.3683323114653587
2012,2,Sweeping Complaint,299,,,1.3344481605351171
2012,2,Vacant Lot,700,3611.2500000000000000,,27.0301724137931034
2012,3,Derelict Bicycle,205,,,1.8048780487804878
2012,3,Derelict Vehicles,2725,,,1.3365137614678899
2012,3,Dirty Conditions,10823,,,4.5382980689272845
2012,3,Graffiti,4793,3550.3790849673202614,3429.3807531380753138,51.8503225806451613
2012,3,Litter Basket Complaint,825,,,1.7757575757575758
2012,3,Missed Collection,4036,,,1.5240336967294351
2012,3,Other,23,,,2.5217391304347826
2012,3,Other Enforcement,1295,,,2.8208494208494208
2012,3,Overflowing Litter Baskets,476,,,1.1176470588235294
2012,3,Recycling Enforcement,248,,,5.2500000000000000
2012,3,Sanitation Condition,8134,3592.0000000000000000,,1.5332595598180253
2012,3,Sweeping Complaint,367,,,1.5504087193460490
2012,3,Vacant Lot,907,3547.8000000000000000,,31.5376940133037694
2012,4,Derelict Bicycle,124,,,2.0483870967741935
2012,4,Derelict Vehicles,3079,,,2.2491068528743098
2012,4,Dirty Conditions,6798,3426.0000000000000000,,7.6495512726202737
2012,4,Graffiti,3191,3455.5649350649350649,3319.9574468085106383,108.5635764016123122
2012,4,Litter Basket Complaint,420,,,2.1309523809523810
2012,4,Missed Collection,1213,,,1.6488046166529266
2012,4,Other,52,,,2.7307692307692308
2012,4,Other Enforcement,894,,,3.6610738255033557
2012,4,Overflowing Litter Baskets,193,,,1.4041450777202073
2012,4,Recycling Enforcement,208,,,5.5192307692307692
2012,4,Sanitation Condition,4771,,,2.0230559631104590
2012,4,snow,75,,,3.8666666666666667
2012,4,Sweeping Complaint,488,,,2.0061475409836066
2012,4,Vacant Lot,321,3488.5000000000000000,,45.6645768025078370
2013,1,Derelict Bicycle,156,,,2.0512820512820513
2013,1,Derelict Vehicles,3195,,,1.4178403755868545
2013,1,Dirty Conditions,7945,,,5.0970421648835746
2013,1,Graffiti,4745,3359.1461412151067323,2971.5000000000000000,110.6472437137330754
2013,1,Litter Basket Complaint,517,,,1.7408123791102515
2013,1,Missed Collection,4554,,,1.5665349143610013
2013,1,Other,66,,,1.5909090909090909
2013,1,Other Enforcement,1000,,,3.7010000000000000
2013,1,Overflowing Litter Baskets,127,,,1.0787401574803150
2013,1,Recycling Enforcement,185,,,5.2702702702702703
2013,1,Sanitation Condition,4544,,,1.4694102112676056
2013,1,snow,1512,,,1.9232804232804233
2013,1,Sweeping Complaint,177,,,2.1129943502824859
2013,1,Vacant Lot,405,,,31.2790123456790123
2013,2,Derelict Bicycle,204,,,1.8235294117647059
2013,2,Derelict Vehicles,3221,,,1.3321949705060540
2013,2,Dirty Conditions,8424,,,6.7330246913580247
2013,2,Graffiti,2695,3283.3597733711048159,3212.0377358490566038,85.1054654141759180
2013,2,Litter Basket Complaint,690,,,1.5579710144927536
2013,2,Missed Collection,4354,3244.0000000000000000,,1.5138984608316104
2013,2,Other,41,,,1.8780487804878049
2013,2,Other Enforcement,1558,,,4.8331193838254172
2013,2,Overflowing Litter Baskets,356,,,1.3202247191011236
2013,2,Recycling Enforcement,222,,,7.7882882882882883
2013,2,Sanitation Condition,6762,,,1.4936409346347235
2013,2,Sweeping Complaint,331,,,1.5830815709969789
2013,2,Vacant Lot,742,3256.7500000000000000,,34.5948509485094851
2013,3,Derelict Bicycle,187,,,1.4652406417112299
2013,3,Derelict Vehicles,3008,,,1.2300531914893617
2013,3,Dirty Conditions,8797,,,4.3304535637149028
2013,3,Graffiti,2630,3189.2827380952380952,2551.4545454545454545,76.5418482999128160
2013,3,Litter Basket Complaint,900,3155.0000000000000000,,1.4460511679644049
2013,3,Missed Collection,3811,3160.5000000000000000,,1.5069572066159097
2013,3,Other,44,,,1.6818181818181818
2013,3,Other Enforcement,1519,3141.0000000000000000,,3.6561264822134387
2013,3,Overflowing Litter Baskets,464,,,1.2500000000000000
2013,3,Recycling Enforcement,263,,,5.4828897338403042
2013,3,Sanitation Condition,8277,3166.5000000000000000,,1.5351057401812689
2013,3,snow,3,,,1.3333333333333333
2013,3,Sweeping Complaint,378,,,1.6375661375661376
2013,3,Vacant Lot,993,3175.8333333333333333,,30.0861195542046606
2013,4,Derelict Bicycle,224,,,1.9419642857142857
2013,4,Derelict Vehicles,2358,,,1.1815097540288380
2013,4,Dirty Conditions,8061,,,6.2848281850886987
2013,4,Graffiti,3192,3090.4636591478696742,2658.5185185185185185,149.0472610096670247
2013,4,Litter Basket Complaint,580,,,1.6827586206896552
2013,4,Missed Collection,3889,3094.5000000000000000,,1.7056856187290970
2013,4,Other,39,,,1.6923076923076923
2013,4,Other Enforcement,1094,,,3.6745886654478976
2013,4,Overflowing Litter Baskets,278,,,1.2841726618705036
2013,4,Recycling Enforcement,165,,,6.0060606060606061
2013,4,Sanitation Condition,5305,3113.0000000000000000,,1.4499339996228550
2013,4,snow,960,,,2.2520833333333333
2013,4,Sweeping Complaint,557,,,1.8671454219030521
2013,4,Vacant Lot,321,3084.8000000000000000,,47.2468354430379747
2014,1,Derelict Bicycle,215,,,1.9860465116279070
2014,1,Derelict Vehicles,2680,,,1.2134328358208955
2014,1,Dirty Conditions,6723,,,8.6537260151717983
2014,1,Graffiti,4499,2995.9120370370370370,2917.8095238095238095,131.7172362921072043
2014,1,Litter Basket Complaint,563,,,1.6465364120781528
2014,1,Missed Collection,5706,,,1.9185068349106204
2014,1,Other,768,,,1.5638020833333333
2014,1,Other Enforcement,1035,,,6.0714975845410628
2014,1,Overflowing Litter Baskets,145,,,1.6827586206896552
2014,1,Recycling Enforcement,201,,,11.1094527363184080
2014,1,Sanitation Condition,4444,,,1.6275877587758776
2014,1,snow,14602,,,5.4104917134639091
2014,1,Sweeping Complaint,314,,,1.7643312101910828
2014,1,Vacant Lot,224,3036.0000000000000000,,51.3632286995515695
2014,2,Derelict Bicycle,400,2875.3913043478260870,,1.5676392572944297
2014,2,Derelict Vehicles,3232,,,1.0167079207920792
2014,2,Dirty Conditions,9041,,,3.3957526822254175
2014,2,Graffiti,4633,2904.4854932301740812,2823.1119402985074627,115.2084548104956268
2014,2,Litter Basket Complaint,872,2875.7254901960784314,,1.5152253349573691
2014,2,Missed Collection,5257,2881.4285714285714286,,1.5022857142857143
2014,2,Other,79,,,1.0379746835443038
2014,2,Other Enforcement,1497,,,2.6766867067468270
2014,2,Overflowing Litter Baskets,410,,,1.1463414634146341
2014,2,Recycling Enforcement,180,,,4.0722222222222222
2014,2,Sanitation Condition,7088,2873.5000000000000000,,1.3608523849844764
2014,2,snow,8,,,1.00000000000000000000
2014,2,Sweeping Complaint,347,,,1.6887608069164265
2014,2,Vacant Lot,672,2912.0000000000000000,,52.4857997010463378
2014,3,Derelict Bicycle,391,2819.0410958904109589,,2.8081761006289308
2014,3,Derelict Vehicles,3465,,,1.1997113997113997
2014,3,Dirty Conditions,9814,2835.2666666666666667,,2.6592509439738749
2014,3,Graffiti,2930,2811.8537234042553191,2737.3492063492063492,77.1851996867658575
2014,3,Litter Basket Complaint,897,2810.8318181818181818,,1.5672082717872969
2014,3,Missed Collection,4963,2815.8095238095238095,,1.5473492513152570
2014,3,Other,41,,,1.2682926829268293
2014,3,Other Enforcement,1704,2814.6153846153846154,,2.0981667652276759
2014,3,Overflowing Litter Baskets,337,2802.0000000000000000,,1.2113095238095238
2014,3,Recycling Enforcement,211,,,3.0331753554502370
2014,3,Sanitation Condition,9402,2825.0000000000000000,,1.5303837953091684
2014,3,Sweeping Complaint,631,2798.2500000000000000,,1.7480063795853270
2014,3,Vacant Lot,861,2816.5882352941176471,,77.3933649289099526
2014,4,Derelict Bicycle,206,2733.9436619718309859,,4.0148148148148148
2014,4,Derelict Vehicles,3254,,,1.1690227412415489
2014,4,Dirty Conditions,7052,2753.0000000000000000,,2.9829787234042553
2014,4,Graffiti,3827,2731.6000000000000000,2667.4011976047904192,139.5783239561741190
2014,4,Litter Basket Complaint,583,2736.4536082474226804,,1.8380462724935733
2014,4,Missed Collection,5663,2726.5172413793103448,,1.7896698615548456
2014,4,Other,60,,,2.4000000000000000
2014,4,Other Enforcement,1322,2721.0000000000000000,,2.0189537528430629
2014,4,Overflowing Litter Baskets,195,2759.0000000000000000,,1.5927835051546392
2014,4,Recycling Enforcement,197,,,3.4517766497461929
2014,4,Sanitation Condition,6215,2731.2500000000000000,,1.4492987264226987
2014,4,snow,154,,,0.90259740259740259740
2014,4,Sweeping Complaint,749,2716.3636363636363636,,2.4024390243902439
2014,4,Vacant Lot,291,2719.4285714285714286,,82.1373239436619718
2015,1,Derelict Bicycle,179,2633.3725490196078431,,4.1718750000000000
2015,1,Derelict Vehicles,3468,,,1.2067474048442907
2015,1,Dirty Conditions,7249,2665.0000000000000000,,6.4645419426048565
2015,1,Graffiti,4590,2629.2477064220183486,2549.8505747126436782,114.7431386347642505
2015,1,Litter Basket Complaint,409,2630.5786516853932584,,2.0043290043290043
2015,1,Missed Collection,5518,2621.1967213114754098,,1.7650723840938244
2015,1,Other,91,,,1.3736263736263736
2015,1,Other Enforcement,1144,2611.0000000000000000,,4.0288713910761155
2015,1,Overflowing Litter Baskets,153,,,0.98692810457516339869
2015,1,Recycling Enforcement,329,2594.0000000000000000,,5.1768292682926829
2015,1,Sanitation Condition,5041,2635.2222222222222222,,1.5971780604133545
2015,1,snow,12984,2623.0000000000000000,,4.0023877378109836
2015,1,Sweeping Complaint,231,2602.5555555555555556,,2.6531531531531532
2015,1,Vacant Lot,194,2603.1111111111111111,,66.7135135135135135
2015,2,Derelict Bicycle,398,2554.9375000000000000,,3.6468531468531469
2015,2,Derelict Vehicles,5033,,,1.2576991853765150
2015,2,Dirty Conditions,9021,2523.5000000000000000,,3.1397670549084859
2015,2,Graffiti,3758,2540.6860158311345646,2466.0684931506849315,85.3391535957383841
2015,2,Litter Basket Complaint,711,2545.5845070422535211,,1.8665105386416862
2015,2,Missed Collection,5788,2539.9302325581395349,,1.8519172998763032
2015,2,Other,62,,,1.7580645161290323
2015,2,Other Enforcement,1810,2546.0000000000000000,,2.5035931453841902
2015,2,Overflowing Litter Baskets,470,2547.6000000000000000,,1.2175824175824176
2015,2,Recycling Enforcement,163,,,3.0674846625766871
2015,2,Sanitation Condition,8482,2526.7058823529411765,,1.6253987005316007
2015,2,snow,9,,,1.3333333333333333
2015,2,Sweeping Complaint,356,2549.4090909090909091,,2.1506410256410256
2015,2,Vacant Lot,606,2543.3333333333333333,,42.9469320066334992
2015,3,Derelict Bicycle,375,2450.6055045871559633,,3.9511278195488722
2015,3,Derelict Vehicles,5383,,,1.0839680475571243
2015,3,Dirty Conditions,11112,2461.2500000000000000,,3.1588044652502701
2015,3,Graffiti,2516,2458.7500000000000000,2394.2660550458715596,56.8937282229965157
2015,3,Litter Basket Complaint,888,2447.4710743801652893,,-102.6237623762376238
2015,3,Missed Collection,6145,2451.8928571428571429,,-5.1011105585943975
2015,3,Other,82,,,3.5121951219512195
2015,3,Other Enforcement,2044,2458.6666666666666667,,2.5619794218520333
2015,3,Overflowing Litter Baskets,598,2459.0714285714285714,,1.3253424657534247
2015,3,Recycling Enforcement,333,,,2.4774774774774775
2015,3,Sanitation Condition,11300,2456.8363636363636364,,1.75331258337038683859
2015,3,Sweeping Complaint,369,2452.1818181818181818,,2.1089385474860335
2015,3,Vacant Lot,919,2457.5000000000000000,,28.5332606324972737
2015,4,Derelict Bicycle,329,2398.7931034482758621,,3.7766666666666667
2015,4,Derelict Vehicles,5072,,,1.0295741324921136
2015,4,Dirty Conditions,7016,2391.0000000000000000,,3.4235210263720599
2015,4,Graffiti,2696,2365.7533512064343164,2307.0047393364928910,92.8656909169177787
2015,4,Litter Basket Complaint,608,2397.8101265822784810,,1.7996219281663516
2015,4,Missed Collection,7831,2396.8500000000000000,,2.0318781205991550
2015,4,Other,73,,,1.9315068493150685
2015,4,Other Enforcement,1497,,,2.5731462925851703
2015,4,Overflowing Litter Baskets,342,2388.0000000000000000,,1.3431085043988270
2015,4,Recycling Enforcement,160,,,3.0187500000000000
2015,4,Sanitation Condition,7637,2397.6250000000000000,,1.5501376327172631
2015,4,snow,9,,,2.0000000000000000
2015,4,Sweeping Complaint,818,2395.7500000000000000,,2.0197530864197531
2015,4,Vacant Lot,309,,,31.8673139158576052
2016,1,Derelict Bicycle,377,,,4.2493368700265252
2016,1,Derelict Vehicles,6192,,,1.6046511627906977
2016,1,Dirty Conditions,7138,,,3.6347716447184085
2016,1,Graffiti,4804,2268.9768786127167630,2190.9756097560975610,150.9324120060462103
2016,1,Litter Basket Complaint,480,,,1.7270833333333333
2016,1,Missed Collection,6068,,,2.1181608437705999
2016,1,Other,98,,,2.1326530612244898
2016,1,Other Enforcement,1257,,,3.1527446300715990
2016,1,Overflowing Litter Baskets,151,,,1.3708609271523179
2016,1,Recycling Enforcement,149,,,3.4295302013422819
2016,1,Sanitation Condition,6542,,,1.5110058086212168
2016,1,snow,5315,,,4.9093132643461900
2016,1,Sweeping Complaint,168,,,2.0238095238095238
2016,1,Vacant Lot,307,2299.0000000000000000,,24.8431372549019608
2016,2,Derelict Bicycle,646,,,2.9071207430340557
2016,2,Derelict Vehicles,7465,,,1.0184862692565305
2016,2,Dirty Conditions,8986,,,3.1452259069663922
2016,2,Graffiti,3461,2178.4659090909090909,2117.9722222222222222,120.0925868001251173
2016,2,Litter Basket Complaint,762,,,1.6325459317585302
2016,2,Missed Collection,7676,,,1.8470557582073997
2016,2,Other,96,,,1.7083333333333333
2016,2,Other Enforcement,2017,,,3.1383242439266237
2016,2,Overflowing Litter Baskets,306,,,1.1764705882352941
2016,2,Recycling Enforcement,137,,,3.2043795620437956
2016,2,Sanitation Condition,9150,2164.0000000000000000,,1.5270521368455569
2016,2,snow,1,,,0.00000000000000000000
2016,2,Sweeping Complaint,218,,,1.5366972477064220
2016,2,Vacant Lot,648,2181.0000000000000000,,23.1020092735703246
2016,3,Derelict Bicycle,494,,,4.3886639676113360
2016,3,Derelict Vehicles,7530,,,1.4871181938911023
2016,3,Dirty Conditions,10813,,,3.4254138536946268
2016,3,Graffiti,2292,2087.3665158371040724,1995.1449275362318841,94.9212940608401738
2016,3,Litter Basket Complaint,874,2117.0000000000000000,,1.7445589919816724
2016,3,Missed Collection,7720,,,2.1141191709844560
2016,3,Other,80,,,1.8625000000000000
2016,3,Other Enforcement,2266,,,3.0992939099735216
2016,3,Overflowing Litter Baskets,488,,,1.2684426229508197
2016,3,Recycling Enforcement,200,,,6.5600000000000000
2016,3,Sanitation Condition,11626,,,1.70815413727851367624
2016,3,snow,1,,,1.00000000000000000000
2016,3,Sweeping Complaint,296,,,1.6520270270270270
2016,3,Vacant Lot,884,2058.0000000000000000,,26.4988662131519274
2016,4,Derelict Bicycle,251,,,4.0637450199203187
2016,4,Derelict Vehicles,6914,,,1.2941857101533121
2016,4,Dirty Conditions,7005,2031.0000000000000000,,3.3820626519811186
2016,4,Electronics Waste,3549,1995.8000000000000000,,8.5366817155756208
2016,4,Graffiti,1941,1993.8069498069498069,1895.7500000000000000,121.9405469678953627
2016,4,Litter Basket Complaint,551,2031.0000000000000000,,0.11559633027522935780
2016,4,Missed Collection,8798,2030.5833333333333333,,1.9816639926655971
2016,4,Other,110,2031.0000000000000000,,-1.6836734693877551
2016,4,Other Enforcement,1672,2030.4642857142857143,,2.9768856447688564
2016,4,Overflowing Litter Baskets,200,,,1.4700000000000000
2016,4,Recycling Enforcement,163,,,5.2453987730061350
2016,4,Sanitation Condition,7660,2030.6750000000000000,,1.4383202099737533
2016,4,snow,168,,,1.1607142857142857
2016,4,Sweeping Complaint,313,2030.3000000000000000,,-1.9283276450511945
2016,4,Vacant Lot,322,,,23.8695652173913043
2017,1,Derelict Bicycle,302,,,4.1953642384105960
2017,1,Derelict Vehicles,7377,,,1.7732140436491799
2017,1,Dirty Conditions,7754,,,3.7602527727624452
2017,1,Electronics Waste,2881,,,3.2860118014578271
2017,1,Graffiti,3432,1907.2473118279569892,1849.1059322033898305,200.8235294117647059
2017,1,Litter Basket Complaint,498,,,1.8012048192771084
2017,1,Missed Collection,6537,,,2.0364081382897354
2017,1,Other,1436,,,1.7681058495821727
2017,1,Other Enforcement,1437,,,3.5525400139178845
2017,1,Overflowing Litter Baskets,187,,,1.1604278074866310
2017,1,Recycling Enforcement,191,,,6.4083769633507853
2017,1,Sanitation Condition,6748,,,1.5334914048606995
2017,1,snow,11090,,,4.0202885482416592
2017,1,Sweeping Complaint,189,,,1.9259259259259259
2017,1,Vacant Lot,324,,,23.8179012345679012
2017,2,Derelict Bicycle,610,,,5.0442622950819672
2017,2,Derelict Vehicles,8668,,,1.1655514536225196
2017,2,Dirty Conditions,9289,,,3.3338357196684250
2017,2,Electronics Waste,3332,1797.0000000000000000,,16.2882882882882883
2017,2,Graffiti,3447,1814.5134328358208955,1755.1666666666666667,58.1825192802056555
2017,2,Litter Basket Complaint,724,,,1.8895027624309392
2017,2,Missed Collection,9294,,,2.4335054874112331
2017,2,Other,106,,,2.4433962264150943
2017,2,Other Enforcement,2032,,,3.2805118110236220
2017,2,Overflowing Litter Baskets,278,,,1.3848920863309353
2017,2,Recycling Enforcement,208,1775.5000000000000000,,7.1893203883495146
2017,2,Sanitation Condition,10417,,,1.68349812805990208313
2017,2,snow,2,,,1.5000000000000000
2017,2,Sweeping Complaint,223,,,2.6008968609865471
2017,2,Vacant Lot,651,1814.0000000000000000,,23.6342592592592593
2017,3,Derelict Bicycle,620,,,4.9032258064516129
2017,3,Derelict Vehicles,9398,,,1.1837625026601405
2017,3,Dirty Conditions,11257,,,2.9025495247401617
2017,3,Electronics Waste,3242,,,3.6758173966687230
2017,3,Graffiti,5955,1731.2215686274509804,1696.9523809523809524,58.9337006427915519
2017,3,Litter Basket Complaint,989,,,1.7098078867542973
2017,3,Missed Collection,10274,,,2.3864123029005256
2017,3,Other,74,,,2.4054054054054054
2017,3,Other Enforcement,2690,1678.0000000000000000,,3.2632949051692079
2017,3,Overflowing Litter Baskets,375,1704.0000000000000000,,1.4358288770053476
2017,3,Recycling Enforcement,247,,,5.0485829959514170
2017,3,Request Large Bulky Item Collection,11402,,,3.9403613401157692
2017,3,Sanitation Condition,12923,,,1.8411359591426139
2017,3,Sweeping Complaint,380,,,2.8131578947368421
2017,3,Vacant Lot,991,1732.5000000000000000,,31.9393326592517695
2017,4,Derelict Bicycle,420,,,4.1690476190476190
2017,4,Derelict Vehicles,8129,,,1.1840324763193505
2017,4,Dirty Conditions,7587,1646.0000000000000000,,2.8334652942728952
2017,4,Electronics Waste,4119,1634.0000000000000000,,3.5227107116832645
2017,4,Graffiti,6396,1622.5135593220338983,1581.8301886792452830,182.0442645539097485
2017,4,Litter Basket Complaint,732,1646.0000000000000000,,1.1815680880330124
2017,4,Missed Collection,10155,1645.5652173913043478,,2.1755899266309736
2017,4,Other,80,1642.3750000000000000,,-15.6805555555555556
2017,4,Other Enforcement,1832,1646.0000000000000000,,4.9643053267435475
2017,4,Overflowing Litter Baskets,245,,,1.2816326530612245
2017,4,Recycling Enforcement,197,,,5.4213197969543147
2017,4,Request Large Bulky Item Collection,35212,,,3.7920595251618766
2017,4,Sanitation Condition,8849,1645.4000000000000000,,1.4545763095372780
2017,4,snow,700,,,2.4400000000000000
2017,4,Sweeping Complaint,511,1645.3181818181818182,,1.3721881390593047
2017,4,Vacant Lot,338,,,20.3017751479289941
2018,1,Derelict Bicycle,454,,,5.5286343612334802
2018,1,Derelict Vehicles,8012,,,1.4906390414378432
2018,1,Dirty Conditions,8444,1496.6666666666666667,,3.1728468190972634
2018,1,Electronics Waste,3958,1570.0000000000000000,,4.8756029449098756
2018,1,Graffiti,3321,1544.9441747572815534,1429.6972477064220183,128.7710553454795462
2018,1,Litter Basket Complaint,607,,,1.9176276771004942
2018,1,Missed Collection,6934,,,2.4648110758580906
2018,1,Other,87,1535.0000000000000000,,2.6588235294117647
2018,1,Other Enforcement,1735,,,3.3780979827089337
2018,1,Overflowing Litter Baskets,100,,,1.7100000000000000
2018,1,Recycling Enforcement,160,,,5.4312500000000000
2018,1,Request Large Bulky Item Collection,34742,,,4.4741811064417708
2018,1,Sanitation Condition,7921,,,1.6687286958717334
2018,1,snow,4427,,,3.1533770047436187
2018,1,Sweeping Complaint,188,,,2.6170212765957447
2018,1,Vacant Lot,294,,,28.1190476190476190
2018,2,Derelict Bicycle,748,,,5.3328877005347594
2018,2,Derelict Vehicles,9640,,,1.3343360995850622
2018,2,Dirty Conditions,10279,1458.0000000000000000,,2.6714021601634718
2018,2,Electronics Waste,4895,1475.8333333333333333,,4.5177581605419832
2018,2,Graffiti,3675,1457.9056179775280899,1337.5856353591160221,88.0755417956656347
2018,2,Litter Basket Complaint,948,,,1.8776371308016878
2018,2,Missed Collection,10197,,,2.3539276257722860
2018,2,Other,51,1476.0000000000000000,,2.6800000000000000
2018,2,Other Enforcement,2263,1459.0000000000000000,,3.0092838196286472
2018,2,Overflowing Litter Baskets,275,,,1.7963636363636364
2018,2,Recycling Enforcement,181,,,5.5524861878453039
2018,2,Request Large Bulky Item Collection,49656,,,4.2544908973739327
2018,2,Sanitation Condition,11340,,,1.7940917107583774
2018,2,snow,9,,,1.6666666666666667
2018,2,Sweeping Complaint,268,,,2.0746268656716418
2018,2,Vacant Lot,561,1429.0000000000000000,,45.9445438282647585
2018,3,Derelict Bicycle,732,,,4.0314207650273224
2018,3,Derelict Vehicles,10107,,,1.43009795191451469279
2018,3,Dirty Conditions,12691,,,2.5744228193207785
2018,3,Electronics Waste,5020,1395.0000000000000000,,7.0882645945407452
2018,3,Graffiti,8266,1341.2315921963499056,1212.6464497041420118,76.2297438969597124
2018,3,Litter Basket Complaint,998,,,2.0771543086172345
2018,3,Missed Collection,11203,,,2.5107560474872802
2018,3,Other,24,,,2.0416666666666667
2018,3,Other Enforcement,2515,,,3.0795228628230616
2018,3,Overflowing Litter Baskets,377,,,1.7241379310344828
2018,3,Recycling Enforcement,195,,,4.3487179487179487
2018,3,Request Large Bulky Item Collection,52091,,,3.6682344358910368
2018,3,Sanitation Condition,14215,,,2.0518466408723180
2018,3,snow,1,,,4.0000000000000000
2018,3,Sweeping Complaint,403,,,2.5409429280397022
2018,3,Vacant Lot,961,1344.1666666666666667,,62.2345549738219895
2018,4,Derelict Bicycle,654,,,4.6590214067278287
2018,4,Derelict Vehicles,8719,,,1.2553045073976373
2018,4,Dirty Conditions,7608,1243.8750000000000000,,2.4699683877766070
2018,4,Electronics Waste,9302,,,10.7625241883465921
2018,4,Graffiti,5744,1259.7129094412331407,1140.1583969465648855,119.1795580110497238
2018,4,Litter Basket Complaint,698,1241.0000000000000000,,2.0567685589519651
2018,4,Missed Collection,12536,1240.6329113924050633,,2.7897567632656338
2018,4,Other,72,1245.3571428571428571,,2.6724137931034483
2018,4,Other Enforcement,2097,1240.4827586206896552,,2.7316247582205029
2018,4,Overflowing Litter Baskets,194,,,2.1855670103092784
2018,4,Recycling Enforcement,193,,,4.0673575129533679
2018,4,Request Large Bulky Item Collection,43694,,,3.8053966219618254
2018,4,Sanitation Condition,10350,1242.0937500000000000,,1.92808683853459972863
2018,4,snow,156,,,1.2435897435897436
2018,4,Sweeping Complaint,694,1240.4444444444444444,,3.0869565217391304
2018,4,Vacant Lot,366,1298.0000000000000000,,35.8543956043956044
2019,1,Derelict Bicycle,594,,,4.3703703703703704
2019,1,Derelict Vehicles,8825,,,1.1892351274787535
2019,1,Dirty Conditions,8103,1159.7500000000000000,,2.3636251389060378
2019,1,Electronics Waste,9039,,,11.3874322380794336
2019,1,Graffiti,6365,1178.9736842105263158,1094.3076923076923077,110.5411699981661471
2019,1,Litter Basket Complaint,573,,,1.9057591623036649
2019,1,Missed Collection,9676,,,3.3437370814386110
2019,1,Other,106,,,2.2735849056603774
2019,1,Other Enforcement,1668,,,2.4856115107913669
2019,1,Overflowing Litter Baskets,161,,,1.3540372670807453
2019,1,Recycling Enforcement,183,,,3.5737704918032787
2019,1,Request Large Bulky Item Collection,44232,,,3.6763881352866703
2019,1,Sanitation Condition,8648,,,1.5271739130434783
2019,1,snow,1530,1158.0000000000000000,,1.4247382198952880
2019,1,Sweeping Complaint,195,,,2.8000000000000000
2019,1,Vacant Lot,297,1184.3333333333333333,,40.8741496598639456
2019,2,Derelict Bicycle,706,,,4.5637393767705382
2019,2,Derelict Vehicles,9512,,,1.2951009251471825
2019,2,Dirty Conditions,9289,1056.0000000000000000,,2.8618350204609089
2019,2,Electronics Waste,9772,,,11.4963160049119935
2019,2,Graffiti,6054,1076.9781287970838396,932.3552123552123552,146.3800420569680749
2019,2,Litter Basket Complaint,743,,,2.0672947510094213
2019,2,Missed Collection,11362,1039.9761904761904762,,2.7758833922261484
2019,2,Other,52,,,3.3269230769230769
2019,2,Other Enforcement,1982,,,2.9122098890010091
2019,2,Overflowing Litter Baskets,299,,,1.8260869565217391
2019,2,Recycling Enforcement,170,,,3.7529411764705882
2019,2,Request Large Bulky Item Collection,55306,,,3.6640870791595849
2019,2,Sanitation Condition,11877,,,1.9980634840447925
2019,2,snow,1,,,0.00000000000000000000
2019,2,Sweeping Complaint,239,,,3.0251046025104603
2019,2,Vacant Lot,523,,,48.9158699808795411
2019,3,Derelict Bicycle,503,,,4.1809145129224652
2019,3,Derelict Vehicles,6619,,,1.5407161202598580
2019,3,Dirty Conditions,5792,,,2.7170234806629834
2019,3,Graffiti,3031,993.8058823529411765,878.1120000000000000,137.5719952399841333
2019,3,Litter Basket Complaint,1,,,1.00000000000000000000
2019,3,Missed Collection,6892,1027.9413793103448276,,3.0614965162072099
2019,3,Other Enforcement,184,,,3.0869565217391304
2019,3,Recycling Enforcement,81,,,5.3827160493827160
2019,3,Sanitation Condition,482,,,2.8526970954356846
2019,3,Vacant Lot,14,993.0000000000000000,,33.3076923076923077
2019,4,Derelict Bicycle,443,,,3.8442437923250564
2019,4,Derelict Vehicles,7880,875.8275862068965517,,1.6073111705515221
2019,4,Dirty Conditions,5530,921.3125000000000000,,3.0058034095030831
2019,4,Electronics Waste,1,,,1.00000000000000000000
2019,4,Graffiti,6839,880.4391291893440275,650.0836154366960054,227.0462962962962963
2019,4,Litter Basket Complaint,16,922.0000000000000000,,-19.3333333333333333
2019,4,Missed Collection,9510,921.6133333333333333,,3.0580816110227875
2019,4,Other,18,922.0000000000000000,,3.6666666666666667
2019,4,Other Enforcement,228,921.4642857142857143,,2.5000000000000000
2019,4,Recycling Enforcement,62,,,4.8709677419354839
2019,4,Sanitation Condition,497,921.5806451612903226,,0.87124463519313304721
2019,4,snow,390,,,5.7897435897435897
2019,4,Sweeping Complaint,30,921.3750000000000000,,2.6666666666666667
2019,4,Vacant Lot,26,,,10.5000000000000000
2020,1,Derelict Bicycle,444,812.0000000000000000,,2.6410835214446953
2020,1,Derelict Vehicles,7762,837.3750000000000000,,1.2952602952602953
2020,1,Dirty Conditions,5645,815.3333333333333333,,2.5246366536689117
2020,1,Graffiti,3497,827.5758254057078903,534.5272988505747126,587.7608187134502924
2020,1,Litter Basket Complaint,1,,,4.0000000000000000
2020,1,Missed Collection,9655,,,2.5193164163645779
2020,1,Other,1,,,4.0000000000000000
2020,1,Other Enforcement,203,,,2.4334975369458128
2020,1,Overflowing Litter Baskets,1,,,2.0000000000000000
2020,1,Recycling Enforcement,61,850.0000000000000000,,5.4833333333333333
2020,1,Sanitation Condition,495,,,2.2666666666666667
2020,1,snow,230,,,2.8913043478260870
2020,1,Vacant Lot,25,,,41.4800000000000000
2020,2,Derelict Bicycle,379,,,3.1266490765171504
2020,2,Derelict Vehicles,4875,,,1.2603076923076923
2020,2,Dirty Conditions,6205,,,29.9764705882352941
2020,2,Graffiti,996,725.7653239929947461,35.0772442588726514,483.1105882352941176
2020,2,Missed Collection,4560,,,3.2228070175438596
2020,2,Other,2,,,1.00000000000000000000
2020,2,Other Enforcement,208,,,33.3221153846153846
2020,2,Overflowing Litter Baskets,1,,,1.00000000000000000000
2020,2,Recycling Enforcement,52,,,26.8076923076923077
2020,2,Sanitation Condition,431,,,2.3642691415313225
2020,2,Sweeping Complaint,1,,,2.0000000000000000
2020,2,Vacant Lot,16,691.0000000000000000,,52.0000000000000000
2020,3,Derelict Bicycle,428,,,3.4392523364485981
2020,3,Derelict Vehicles,9705,,,1.5906233900051520
2020,3,Dirty Conditions,10057,619.0000000000000000,,25.8391844853306813
2020,3,Graffiti,164,658.9782608695652174,-8.8170731707317073,438.5416666666666667
2020,3,Litter Basket Complaint,1,,,2.0000000000000000
2020,3,Missed Collection,15583,,,2.9421805814028108
2020,3,Other,4,,,1.2500000000000000
2020,3,Other Enforcement,292,,,26.9075342465753425
2020,3,Overflowing Litter Baskets,6,,,1.5000000000000000
2020,3,Recycling Enforcement,62,637.0000000000000000,,25.7704918032786885
2020,3,Sanitation Condition,940,,,3.5127659574468085
2020,3,Sweeping Complaint,1,,,2.0000000000000000
2020,3,Vacant Lot,30,631.5000000000000000,,54.6538461538461538
2020,4,Derelict Bicycle,327,,,5.6574923547400612
2020,4,Derelict Vehicles,8823,,,1.7773999773319733
2020,4,Dirty Conditions,5940,,,5.4461279461279461
2020,4,Graffiti,11,519.0000000000000000,-97.0000000000000000,335.1000000000000000
2020,4,Litter Basket Complaint,1,,,2.0000000000000000
2020,4,Missed Collection,11438,574.0000000000000000,,11.0878726938882574
2020,4,Other,6,,,186.5000000000000000
2020,4,Other Enforcement,211,,,5.0000000000000000
2020,4,Overflowing Litter Baskets,2,,,2.5000000000000000
2020,4,Recycling Enforcement,65,578.0000000000000000,,5.5156250000000000
2020,4,Sanitation Condition,859,,,4.0069848661233993
2020,4,snow,3725,502.5661218424962853,,4.6936435124508519
2020,4,Sweeping Complaint,1,,,7.0000000000000000
2020,4,Vacant Lot,15,530.0000000000000000,,48.3846153846153846
2021,1,Derelict Bicycle,349,462.2500000000000000,,6.2260869565217391
2021,1,Derelict Vehicles,8839,,,2.0039597239506732
2021,1,Dirty Conditions,7973,406.0000000000000000,,4.9419217260411440
2021,1,Graffiti,5,424.0000000000000000,326.0000000000000000,226.7500000000000000
2021,1,Litter Basket Complaint,3,,,5.6666666666666667
2021,1,Missed Collection,13485,,,6.0213570634037820
2021,1,Other,66,,,302.4545454545454545
2021,1,Other Enforcement,176,,,4.9375000000000000
2021,1,Overflowing Litter Baskets,1,,,1.00000000000000000000
2021,1,Recycling Enforcement,76,,,3.7763157894736842
2021,1,Sanitation Condition,726,,,4.2534435261707989
2021,1,snow,8173,452.9621594349142281,,6.4330479728638346
2021,1,Sweeping Complaint,2,,,2.5000000000000000
2021,1,Vacant Lot,17,439.1250000000000000,,59.0000000000000000
2021,2,Derelict Bicycle,524,339.3333333333333333,,4.0825335892514395
2021,2,Derelict Vehicles,10944,,,1.50676169590643274854
2021,2,Dirty Conditions,11430,,,3.0473315835520560
2021,2,Graffiti,404,326.5555555555555556,112.9642857142857143,216.2045454545454545
2021,2,Litter Basket Complaint,11,,,3.4545454545454545
2021,2,Missed Collection,13852,,,3.9485272884781981
2021,2,Other,12,,,166.5000000000000000
2021,2,Other Enforcement,277,,,3.6281588447653430
2021,2,Overflowing Litter Baskets,5,,,2.4000000000000000
2021,2,Recycling Enforcement,65,,,2.3384615384615385
2021,2,Sanitation Condition,1179,,,3.5122985581000848
2021,2,Sweeping Complaint,7,,,3.8571428571428571
2021,2,Vacant Lot,34,341.1250000000000000,,38.8461538461538462
2021,3,Dead Animal,257,,,8.5408560311284047
2021,3,Derelict Bicycle,442,246.1111111111111111,,-98.5080831408775982
2021,3,Derelict Vehicles,12166,218.7500000000000000,,1.6780946101862535
2021,3,Dirty Conditions,15366,227.7272727272727273,,4.4736567893194399
2021,3,Graffiti,1971,251.8715447154471545,55.5157710280373832,153.8492063492063492
2021,3,Illegal Dumping,581,,,12.0929432013769363
2021,3,Litter Basket Complaint,192,,,11.1666666666666667
2021,3,Missed Collection,16594,229.9166666666666667,,7.2370642865758051
2021,3,Obstruction,233,,,20.0300429184549356
2021,3,Other,407,222.2727272727272727,,25.9217171717171717
2021,3,Other Enforcement,253,232.0000000000000000,,3.8968253968253968
2021,3,Overflowing Litter Baskets,5,,,2.4000000000000000
2021,3,Recycling Enforcement,56,,,3.3571428571428571
2021,3,Residential Disposal Complaint,218,,,8.1697247706422018
2021,3,Sanitation Condition,804,232.3333333333333333,,3.7016229712858926
2021,3,snow,1,,,0.00000000000000000000
2021,3,Storm,3005,,,1.2888519134775374
2021,3,Sweeping Complaint,108,,,19.5925925925925926
2021,3,Vacant Lot,41,264.8333333333333333,,12.9565217391304348
2021,4,Dead Animal,2497,,,5.8794553464156988
2021,4,Derelict Vehicles,10891,172.9239130434782609,,2.0559726313788843
2021,4,Dirty Conditions,10847,171.6981132075471698,,6.4916620344635909
2021,4,Graffiti,2006,164.8694267515923567,45.1203599550056243,67.4918032786885246
2021,4,Illegal Dumping,5560,169.9375000000000000,,9.8897907647907648
2021,4,Litter Basket Complaint,1246,,,11.9550561797752809
2021,4,Missed Collection,31391,177.0357142857142857,,8.3096323693524216
2021,4,Obstruction,1467,183.5333333333333333,,10.9599156118143460
2021,4,Other,2740,163.9711538461538462,,0.27541729893778452200
2021,4,Residential Disposal Complaint,2004,,,5.4256487025948104
2021,4,snow,53,,,7.0566037735849057
2021,4,Sweeping Complaint,1401,,,14.8629550321199143
2022,1,Dead Animal,1832,,,4.2134279475982533
2022,1,Derelict Vehicles,11001,69.8584905660377358,,1.49267278056159591567
2022,1,Dirty Conditions,9176,83.3750000000000000,,4.4798422436459246
2022,1,Graffiti,6426,74.3244274809160305,-24.5852425876010782,57.7173913043478261
2022,1,Illegal Dumping,5314,62.9714285714285714,,5.1926010678871091
2022,1,Litter Basket Complaint,946,46.6000000000000000,,8.8668098818474758
2022,1,Missed Collection,9771,64.7200000000000000,,6.2696490868048430
2022,1,Obstruction,1905,76.4285714285714286,,4.0226554267650158
2022,1,Other,2442,69.6825396825396825,,6.4141552511415525
2022,1,Residential Disposal Complaint,1617,,,4.0482374768089054
2022,1,snow,5373,92.0714285714285714,,4.1317409964545624
2022,1,Sweeping Complaint,1174,49.2000000000000000,,9.6167664670658683
2022,2,Dead Animal,818,4.6388888888888889,,3.4688427299703264
2022,2,Derelict Vehicles,4165,9.8037974683544304,,1.0802805923616524
2022,2,Dirty Conditions,3448,4.9581005586592179,,3.3763754045307443
2022,2,Graffiti,889,17.7109111361079865,-12.2577597840755735,
2022,2,Illegal Dumping,2035,6.8710601719197708,,4.3534994068801898
2022,2,Litter Basket Complaint,365,8.6705882352941176,,5.3107142857142857
2022,2,Missed Collection,4215,6.3352337514253136,,5.7441581785500300
2022,2,Obstruction,816,4.4269662921348315,,3.3892709766162311
2022,2,Other,900,9.1353711790393013,,5.1579731743666170
2022,2,Residential Disposal Complaint,710,4.7333333333333333,,3.3149606299212598
2022,2,Sweeping Complaint,395,9.2916666666666667,,7.4682274247491639
